{
	"class_name" : "PinholeCameraParameters",
	"extrinsic" : 
	[
		-0.60087442228182664,
		-0.30576790456953523,
		0.73854987453972032,
		0.0,
		-0.79374583245599117,
		0.33739181570825694,
		-0.50609714102317471,
		0.0,
		-0.094432420842772896,
		-0.89032171220758249,
		-0.44543211229718521,
		0.0,
		1.9769611288544522,
		3.3811358885055456,
		3.7853205291729504,
		1.0
	],
	"intrinsic" : 
	{
		"height" : 1016,
		"intrinsic_matrix" : 
		[
			879.88181024498977,
			0.0,
			0.0,
			0.0,
			879.88181024498977,
			0.0,
			923.5,
			507.5,
			1.0
		],
		"width" : 1848
	},
	"version_major" : 1,
	"version_minor" : 0
}