{
	"class_name" : "PinholeCameraParameters",
	"extrinsic" : 
	[
		0.20156910072225545,
		-0.22372180714789108,
		0.95358190557523859,
		0.0,
		-0.96955521044912285,
		0.092628668462703248,
		0.22667735588228477,
		0.0,
		-0.13904168988105198,
		-0.97024145591976674,
		-0.19823956640820453,
		0.0,
		347.28462079049325,
		30.843492776007821,
		99.176453095900442,
		1.0
	],
	"intrinsic" : 
	{
		"height" : 1016,
		"intrinsic_matrix" : 
		[
			879.88181024498977,
			0.0,
			0.0,
			0.0,
			879.88181024498977,
			0.0,
			923.5,
			507.5,
			1.0
		],
		"width" : 1848
	},
	"version_major" : 1,
	"version_minor" : 0
}