{
	"class_name" : "PinholeCameraParameters",
	"extrinsic" : 
	[
		-0.20710803091196603,
		-0.20724335121410137,
		0.95611529477846802,
		0.0,
		-0.97598973375962705,
		0.11115469034145728,
		-0.18731971175214626,
		0.0,
		-0.067455934709857487,
		-0.97195412864632835,
		-0.22528841221815218,
		0.0,
		4.0245565359098823,
		5.4521500900339435,
		6.5243223667198356,
		1.0
	],
	"intrinsic" : 
	{
		"height" : 1016,
		"intrinsic_matrix" : 
		[
			879.88181024498977,
			0.0,
			0.0,
			0.0,
			879.88181024498977,
			0.0,
			923.5,
			507.5,
			1.0
		],
		"width" : 1848
	},
	"version_major" : 1,
	"version_minor" : 0
}