{
	"class_name" : "PinholeCameraParameters",
	"extrinsic" : 
	[
		0.52374472687177953,
		-0.40921934787609104,
		0.74714857049844641,
		0.0,
		-0.80867528627182217,
		-0.51458959890193967,
		0.28502951790144043,
		0.0,
		0.26783528977188908,
		-0.75348329113909873,
		-0.60043916221962113,
		0.0,
		-0.015188345274695259,
		1.5667087228831047,
		22.163728950367542,
		1.0
	],
	"intrinsic" : 
	{
		"height" : 1016,
		"intrinsic_matrix" : 
		[
			879.88181024498977,
			0.0,
			0.0,
			0.0,
			879.88181024498977,
			0.0,
			923.5,
			507.5,
			1.0
		],
		"width" : 1848
	},
	"version_major" : 1,
	"version_minor" : 0
}