{
	"class_name" : "PinholeCameraParameters",
	"extrinsic" : 
	[
		-0.037473591915439003,
		-0.29403930523920713,
		0.95505843637098964,
		0.0,
		-0.98333861466013073,
		-0.15927327343828751,
		-0.087619594193008341,
		0.0,
		0.17787888808751337,
		-0.94242926065710475,
		-0.28317166141768674,
		0.0,
		5.8980419702940328,
		8.3509890093200454,
		5.9257616429235531,
		1.0
	],
	"intrinsic" : 
	{
		"height" : 1016,
		"intrinsic_matrix" : 
		[
			879.88181024498977,
			0.0,
			0.0,
			0.0,
			879.88181024498977,
			0.0,
			923.5,
			507.5,
			1.0
		],
		"width" : 1848
	},
	"version_major" : 1,
	"version_minor" : 0
}