{
	"class_name" : "PinholeCameraParameters",
	"extrinsic" : 
	[
		0.097717689513113576,
		-0.26827221130275231,
		0.9583742869041042,
		0.0,
		-0.98281772703637194,
		0.12550617780789375,
		0.1353422135001239,
		0.0,
		-0.15659044855698734,
		-0.95513256670201796,
		-0.2513985112245829,
		0.0,
		0.85580052333370371,
		2.6788238747148228,
		13.533479108601886,
		1.0
	],
	"intrinsic" : 
	{
		"height" : 1016,
		"intrinsic_matrix" : 
		[
			879.88181024498977,
			0.0,
			0.0,
			0.0,
			879.88181024498977,
			0.0,
			923.5,
			507.5,
			1.0
		],
		"width" : 1848
	},
	"version_major" : 1,
	"version_minor" : 0
}