{
	"class_name" : "PinholeCameraParameters",
	"extrinsic" : 
	[
		0.19500300756267447,
		-0.71049758649015315,
		0.67614126233589611,
		0.0,
		-0.98069621151944575,
		-0.1514012820373789,
		0.12374406049926129,
		0.0,
		0.01444879762880975,
		-0.68721963839016242,
		-0.72630599671073648,
		0.0,
		367.081927835915,
		191.37219423124208,
		153.76234798935604,
		1.0
	],
	"intrinsic" : 
	{
		"height" : 1016,
		"intrinsic_matrix" : 
		[
			879.88181024498977,
			0.0,
			0.0,
			0.0,
			879.88181024498977,
			0.0,
			923.5,
			507.5,
			1.0
		],
		"width" : 1848
	},
	"version_major" : 1,
	"version_minor" : 0
}