{
	"class_name" : "PinholeCameraParameters",
	"extrinsic" : 
	[
		-0.058389705829969635,
		-0.13558636980674704,
		0.98904346647441022,
		0.0,
		-0.95679921499952181,
		0.2902698563765132,
		-0.016693491410043976,
		0.0,
		-0.28482609506396783,
		-0.94729074037582905,
		-0.14667770372086256,
		0.0,
		0.91706217015732072,
		14.30431050305576,
		31.175883549051516,
		1.0
	],
	"intrinsic" : 
	{
		"height" : 1016,
		"intrinsic_matrix" : 
		[
			879.88181024498977,
			0.0,
			0.0,
			0.0,
			879.88181024498977,
			0.0,
			923.5,
			507.5,
			1.0
		],
		"width" : 1848
	},
	"version_major" : 1,
	"version_minor" : 0
}