{
	"class_name" : "PinholeCameraParameters",
	"extrinsic" : 
	[
		0.26731845103924107,
		-0.62486155670839061,
		0.7335454182816139,
		0.0,
		-0.95307559093808292,
		-0.059204825909575175,
		0.2968866897438161,
		0.0,
		-0.14208365033319242,
		-0.778487523045157,
		-0.6113668397705353,
		0.0,
		320.39785742348664,
		216.12777813113667,
		116.1986023625997,
		1.0
	],
	"intrinsic" : 
	{
		"height" : 1016,
		"intrinsic_matrix" : 
		[
			879.88181024498977,
			0.0,
			0.0,
			0.0,
			879.88181024498977,
			0.0,
			923.5,
			507.5,
			1.0
		],
		"width" : 1848
	},
	"version_major" : 1,
	"version_minor" : 0
}