{
	"class_name" : "PinholeCameraParameters",
	"extrinsic" : 
	[
		0.23025247832267995,
		-0.53670963198908939,
		0.81174291937558674,
		0.0,
		-0.97089572897707543,
		-0.070194429713177922,
		0.22898520801858593,
		0.0,
		-0.065918735427320838,
		-0.84084214509465338,
		-0.53725153080497112,
		0.0,
		4.3142997609223475,
		2.5280232335550998,
		35.124880331172633,
		1.0
	],
	"intrinsic" : 
	{
		"height" : 1016,
		"intrinsic_matrix" : 
		[
			879.88181024498977,
			0.0,
			0.0,
			0.0,
			879.88181024498977,
			0.0,
			923.5,
			507.5,
			1.0
		],
		"width" : 1848
	},
	"version_major" : 1,
	"version_minor" : 0
}