{
	"class_name" : "PinholeCameraParameters",
	"extrinsic" : 
	[
		0.86090648193036012,
		-0.2556003760193335,
		0.43989598446572115,
		0.0,
		-0.50731640006870138,
		-0.36612394056825875,
		0.78011751061241008,
		0.0,
		-0.038341877779055032,
		-0.89477466879742729,
		-0.44486873624343454,
		0.0,
		3.154359905644518,
		7.1561843431901924,
		34.035419547684349,
		1.0
	],
	"intrinsic" : 
	{
		"height" : 1016,
		"intrinsic_matrix" : 
		[
			879.88181024498977,
			0.0,
			0.0,
			0.0,
			879.88181024498977,
			0.0,
			923.5,
			507.5,
			1.0
		],
		"width" : 1848
	},
	"version_major" : 1,
	"version_minor" : 0
}